<?xml version="1.0" encoding="UTF-8" standalone="yes"?>
<addon id="repository.Marv147" name="cloud9" version="0.0.1" provider-name="Marv147">
	<extension point="xbmc.addon.repository" name="cloud9">
		<dir>
			<info compressed="false">https://offshoregit.com/tvaresolvers/tva-common-repository/raw/master/addons.xml</info>
			<checksum>https://offshoregit.com/tvaresolvers/tva-common-repository/raw/master/addons.xml.md5</checksum>
			<datadir zip="true">https://offshoregit.com/tvaresolvers/tva-common-repository/raw/master/zips/</datadir>
		</dir>
		<dir>
			<info compressed="false">https://raw.githubusercontent.com/noobsandnerds/modules4all/master/zips/addons.xml</info>
			<checksum>https://raw.githubusercontent.com/noobsandnerds/modules4all/master/zips/addons.xml.md5</checksum>
			<datadir zip="true">https://raw.githubusercontent.com/noobsandnerds/modules4all/master/zips/</datadir>
		</dir>
		<info compressed="false">https://raw.githubusercontent.com/Marv147/repository.Marv147/master/zips/addons.xml</info>
		<checksum>https://raw.githubusercontent.com/Marv147/repository.Marv147/master/zips/addons.xml.md5</checksum>
		<datadir zip="true">https://raw.githubusercontent.com/Marv147/repository.Marv147/master/zips/</datadir>
	</extension>
	<extension point="xbmc.addon.metadata">
		<summary lang="en">Initial Test Repo</summary>
		<description lang="en">Test Repo For Marv147 add-ons</description>
		<genre>sports,uk,usa</genre>
	</extension>
</addon>